code,driverName
988,Driver Siti Chin
790,Driver Priya Goh
986,Driver Isabella Sharma
495,Driver Liam Halim
553,Driver Wei Abdullah
570,Driver Zara Halim
492,Driver Hakim Kumar
454,Driver Jia Ng
728,Driver Nur Krishnan
762,Driver Farid Chong
917,Driver Jia Tan
962,Driver Emma Chin
970,Driver Yusuf Goh
931,Driver Ilya Halim
446,Driver Priya Kumar
744,Driver Tanya Teo
376,Driver Arjun Ng
773,Driver Ali Kaur
913,Driver Hannah Mah
486,Driver Karim Sharma
379,Driver Aisyah Lee
915,Driver Wei Rahman
965,Driver Mei Goh
499,Driver Ethan Lee
627,Driver Tanya Iskandar
631,Driver Aiman Mah
640,Driver Aisyah Goh
465,Driver Lucas Mah
549,Driver Aiman Ibrahim
985,Driver Maya Krishnan
687,Driver Lucas Krishnan
360,Driver Rahul Tan
981,Driver Kumar Sharma
759,Driver Nadia Goh
347,Driver Yusuf Iskandar
726,Driver Jia Das
491,Driver Ilya Izzah
912,Driver Aiman Lim
714,Driver Farid Krishnan
713,Driver Ravi Lee
433,Driver Hao Mah
572,Driver Ravi Lee
974,Driver Aisyah Das
636,Driver Sara Iskandar
644,Driver Farah Kaur
392,Driver Farid Rahman
935,Driver Alya Mah
880,Driver Alya Abdullah
319,Driver Amir Ibrahim
998,Driver Ravi Krishnan
413,Driver Siti Sharma
676,Driver Siti Kumar
314,Driver Hao Farid
710,Driver Zara Ong
455,Driver Nur Singh
471,Driver Olivia Chong
610,Driver Ilya Halim
874,Driver Lucas Halim
698,Driver Liam Tan
350,Driver Zara Iskandar
1229,Driver Noah Hassan
1687,Driver Ethan Wong
391,Driver Rina Iskandar
545,Driver Rahul Halim
746,Driver Nur Teo
474,Driver Priya Chong
995,Driver Karim Lim
1925,Driver Isabella Izzah
335,Driver Arjun Kaur
1610,Driver Hao Chong
1260,Driver Arjun Lim
919,Driver Ethan Abdullah
427,Driver Emma Yong
950,Driver Rina Lee
539,Driver Isabella Goh
783,Driver Alya Razak
364,Driver Jia Chin
805,Driver Ilya Das
921,Driver Hakim Ong
937,Driver Nadia Wong
456,Driver Ahmad Iskandar
685,Driver Alya Das
1769,Driver Irfan Chong
643,Driver Haziq Ong
832,Driver Maya Lim
835,Driver Hao Kumar
393,Driver Alya Sharma
380,Driver Hakim Ng
358,Driver Sara Chong
748,Driver Ava Yong
830,Driver Mei Abdullah
507,Driver Aisyah Ong
967,Driver Omar Nair
975,Driver Adam Chan
574,Driver Aiman Hassan
618,Driver Hakim Farid
622,Driver Ilya Izzah
346,Driver Lucas Farid
383,Driver Omar Halim
700,Driver Alya Mah
669,Driver Nur Hassan
607,Driver Ravi Ibrahim
777,Driver Adam Izzah
436,Driver Haziq Krishnan
635,Driver Mei Iskandar
868,Driver Nadia Halim
626,Driver Noah Das
619,Driver Ilya Abdullah
755,Driver Emma Iskandar
906,Driver Zara Das
971,Driver Siti Chan
928,Driver Tanya Yong
322,Driver Amir Chin
338,Driver Omar Nair
363,Driver Rina Ibrahim
782,Driver Lucas Iskandar
794,Driver Jonah Wong
987,Driver Amir Lim
785,Driver Tanya Lee
677,Driver Ling Das
419,Driver Jonah Nair
825,Driver Ahmad Wong
649,Driver Lina Singh
333,Driver Aisyah Hassan
1827,Driver Siti Yong
1446,Driver Siti Izzah
841,Driver Isabella Kaur
398,Driver Jia Ng
663,Driver Ali Singh
463,Driver Ali Nair
664,Driver Chen Ng
621,Driver Karim Izzah
990,Driver Omar Hussein
408,Driver Nurul Ng
341,Driver Hao Singh
1820,Driver Ilya Tan
561,Driver Nur Das
653,Driver Zara Ibrahim
362,Driver Karim Goh
1536,Driver Emma Rahman
949,Driver Siti Kaur
1115,Driver Hakim Nair
588,Driver Siti Yong
647,Driver Alya Ong
723,Driver Sofia Nair
579,Driver Ava Ong
630,Driver Hannah Razak
681,Driver Ali Lim
766,Driver Ethan Lim
452,Driver Karim Goh
430,Driver Rahul Sharma
923,Driver Omar Chin
721,Driver Mei Chin
749,Driver Ling Chin
848,Driver Jia Farid
490,Driver Yusuf Das
863,Driver Hakim Hassan
332,Driver Ethan Hassan
704,Driver Nur Goh
515,Driver Chen Lee
799,Driver Aisyah Izzah
458,Driver Farah Lee
453,Driver Ravi Tan
852,Driver Sara Kaur
973,Driver Yusuf Farid
1701,Driver Nur Hassan
448,Driver Isabella Singh
603,Driver Ali Goh
461,Driver Aisyah Das
861,Driver Ilya Hussein
386,Driver Daniel Halim
359,Driver Ethan Tan
1794,Driver Daniel Mah
1743,Driver Ilya Iskandar
336,Driver Wei Kaur
674,Driver Ahmad Ng
947,Driver Aisyah Wong
789,Driver Adam Goh
469,Driver Kumar Kaur
958,Driver Kumar Mah
388,Driver Leela Yong
983,Driver Ethan Ibrahim
604,Driver Adam Wong
357,Driver Lucas Mah
409,Driver Ahmad Nair
764,Driver Leela Das
581,Driver Hakim Kumar
466,Driver Ali Chan
818,Driver Tanya Lim
586,Driver Siti Razak
720,Driver Hannah Chan
742,Driver Ling Kaur
814,Driver Ling Razak
1439,Driver Jia Das
996,Driver Ilya Hassan
1257,Driver Irfan Chong
508,Driver Wei Yong
920,Driver Aisyah Krishnan
737,Driver Wei Yong
509,Driver Rina Lee
927,Driver Lina Nair
1797,Driver Liam Goh
822,Driver Sara Abdullah
435,Driver Priya Lim
757,Driver Zara Singh
473,Driver Ethan Kaur
823,Driver Ethan Nair
305,Driver Sara Mah
530,Driver Aiman Sharma
899,Driver Lina Chong
441,Driver Nurul Ibrahim
1874,Driver Omar Ibrahim
629,Driver Farah Lim
855,Driver Wei Das
300,Driver Ava Chan
1122,Driver Ali Kumar
821,Driver Ali Hassan
943,Driver Ethan Das
421,Driver Maya Kumar
385,Driver Farid Ng
623,Driver Nadia Chong
686,Driver Ravi Chong
564,Driver Chen Teo
1009,Driver Karim Mah
485,Driver Amir Abdullah
1389,Driver Ling Chong
1674,Driver Alya Halim
1935,Driver Nadia Abdullah
769,Driver Sara Yong
907,Driver Farid Ong
1043,Driver Sara Wong
1540,Driver Aisyah Abdullah
890,Driver Ilya Yong
780,Driver Sofia Yong
972,Driver Aisyah Ong
699,Driver Ava Ong
792,Driver Mei Wong
410,Driver Lucas Lim
1721,Driver Kumar Hussein
809,Driver Leela Chong
771,Driver Amir Chin
739,Driver Maya Hassan
478,Driver Omar Lee
993,Driver Hannah Goh
426,Driver Maya Singh
938,Driver Alya Iskandar
866,Driver Sara Abdullah
1133,Driver Nurul Hussein
1445,Driver Emma Farid
487,Driver Irfan Ibrahim
741,Driver Zara Farid
578,Driver Isabella Chin
781,Driver Hao Lee
462,Driver Chen Goh
1244,Driver Ali Chan
1161,Driver Ava Singh
1702,Driver Priya Chan
1528,Driver Priya Halim
909,Driver Aiman Iskandar
394,Driver Ethan Hassan
678,Driver Lina Yong
602,Driver Lucas Lim
349,Driver Mei Lim
1547,Driver Aiman Ng
591,Driver Farah Lee
695,Driver Ava Tan
1622,Driver Amir Izzah
608,Driver Wei Singh
582,Driver Omar Wong
784,Driver Adam Hussein
459,Driver Ilya Goh
306,Driver Ilya Halim
354,Driver Lucas Izzah
891,Driver Hannah Chong
1624,Driver Jia Razak
612,Driver Ravi Iskandar
1879,Driver Ava Lim
729,Driver Lina Ng
1247,Driver Sara Izzah
439,Driver Siti Kumar
1626,Driver Haziq Tan
1918,Driver Siti Singh
390,Driver Mei Mah
634,Driver Isabella Izzah
883,Driver Tanya Lim
1265,Driver Zara Ibrahim
1059,Driver Ethan Razak
1081,Driver Sofia Krishnan
617,Driver Ava Chin
1818,Driver Ethan Farid
571,Driver Arjun Tan
514,Driver Sara Chan
884,Driver Hakim Das
1671,Driver Lina Iskandar
550,Driver Rahul Abdullah
1722,Driver Hao Chin
793,Driver Daniel Izzah
656,Driver Mei Rahman
620,Driver Hakim Ong
361,Driver Jonah Ibrahim
342,Driver Arjun Halim
692,Driver Farid Halim
735,Driver Isabella Ng
536,Driver Nurul Halim
1921,Driver Mei Ibrahim
1766,Driver Rahul Yong
1427,Driver Alya Kaur
1419,Driver Irfan Ong
984,Driver Nadia Ong
351,Driver Leela Rahman
1855,Driver Rina Krishnan
926,Driver Ali Izzah
964,Driver Isabella Kaur
1940,Driver Isabella Tan
371,Driver Farah Goh
594,Driver Wei Chong
368,Driver Ahmad Tan
587,Driver Kumar Chan
1523,Driver Alya Teo
1448,Driver Ava Kumar
652,Driver Sofia Nair
657,Driver Omar Ng
1340,Driver Ahmad Chan
611,Driver Maya Sharma
936,Driver Olivia Goh
1126,Driver Yusuf Sharma
467,Driver Noah Chong
811,Driver Liam Nair
945,Driver Jonah Razak
731,Driver Sofia Hussein
929,Driver Omar Mah
905,Driver Yusuf Chan
576,Driver Jia Lim
801,Driver Daniel Tan
1696,Driver Emma Nair
316,Driver Olivia Kumar
613,Driver Hakim Sharma
481,Driver Haziq Goh
869,Driver Siti Abdullah
800,Driver Kumar Izzah
1365,Driver Jia Lim
525,Driver Ahmad Abdullah
440,Driver Kumar Krishnan
537,Driver Arjun Izzah
445,Driver Yusuf Abdullah
1752,Driver Karim Ibrahim
1588,Driver Daniel Izzah
701,Driver Arjun Chin
980,Driver Nur Teo
654,Driver Priya Hassan
991,Driver Ava Halim
1066,Driver Arjun Ng
837,Driver Mei Kaur
414,Driver Haziq Abdullah
910,Driver Lina Lee
375,Driver Yusuf Ibrahim
797,Driver Amir Goh
323,Driver Farid Abdullah
345,Driver Karim Kaur
1573,Driver Omar Nair
614,Driver Zara Iskandar
506,Driver Farid Hussein
1768,Driver Aisyah Goh
1757,Driver Karim Sharma
1188,Driver Jonah Abdullah
423,Driver Noah Kumar
569,Driver Leela Yong
483,Driver Leela Ong
798,Driver Mei Hassan
457,Driver Isabella Mah
1381,Driver Emma Chong
1470,Driver Lucas Razak
583,Driver Haziq Ng
673,Driver Nurul Ibrahim
1706,Driver Hao Singh
510,Driver Lucas Das
1834,Driver Olivia Kumar
679,Driver Ling Teo
590,Driver Jia Sharma
529,Driver Ava Chan
858,Driver Ilya Mah
1641,Driver Arjun Yong
940,Driver Sofia Goh
697,Driver Jonah Hussein
372,Driver Farid Hassan
1970,Driver Farid Lee
1282,Driver Aisyah Teo
758,Driver Liam Sharma
1630,Driver Ilya Singh
1822,Driver Kumar Farid
303,Driver Daniel Singh
1286,Driver Karim Goh
670,Driver Hao Yong
353,Driver Nurul Krishnan
803,Driver Priya Lim
978,Driver Tanya Chin
304,Driver Daniel Krishnan
1228,Driver Tanya Chin
317,Driver Ravi Farid
1080,Driver Adam Wong
997,Driver Mei Chong
1386,Driver Sara Chong
1572,Driver Adam Razak
772,Driver Lina Tan
1868,Driver Ilya Teo
1444,Driver Ava Ong
1215,Driver Rina Nair
1121,Driver Omar Krishnan
1614,Driver Haziq Chong
405,Driver Ahmad Yong
1094,Driver Mei Chin
955,Driver Siti Singh
719,Driver Hakim Razak
1513,Driver Irfan Abdullah
606,Driver Rina Hassan
442,Driver Karim Ibrahim
882,Driver Mei Kumar
524,Driver Sofia Farid
1667,Driver Hakim Chin
556,Driver Wei Das
598,Driver Hao Yong
804,Driver Ling Teo
896,Driver Maya Das
655,Driver Lina Lee
831,Driver Ling Mah
959,Driver Irfan Ibrahim
1596,Driver Ilya Goh
418,Driver Hakim Hassan
370,Driver Arjun Das
849,Driver Haziq Ibrahim
1884,Driver Irfan Kaur
684,Driver Nadia Sharma
496,Driver Yusuf Ng
1028,Driver Noah Mah
885,Driver Aiman Kumar
847,Driver Noah Nair
577,Driver Leela Hussein
944,Driver Priya Teo
628,Driver Farah Kumar
365,Driver Lina Das
918,Driver Aiman Mah
382,Driver Aiman Farid
1656,Driver Haziq Lim
738,Driver Tanya Hassan
476,Driver Lucas Singh
795,Driver Olivia Tan
683,Driver Haziq Lim
816,Driver Arjun Ibrahim
519,Driver Adam Wong
756,Driver Maya Halim
1415,Driver Noah Mah
992,Driver Hakim Ong
650,Driver Lina Goh
488,Driver Priya Mah
1723,Driver Ravi Krishnan
1004,Driver Lina Halim
494,Driver Olivia Abdullah
1301,Driver Rina Abdullah
696,Driver Siti Goh
528,Driver Alya Abdullah
1089,Driver Noah Chong
605,Driver Rina Halim
402,Driver Olivia Abdullah
472,Driver Olivia Tan
1852,Driver Emma Chan
1205,Driver Amir Farid
401,Driver Ravi Chong
1863,Driver Alya Teo
829,Driver Liam Abdullah
856,Driver Lucas Kaur
615,Driver Hakim Nair
788,Driver Irfan Yong
813,Driver Ling Goh
1792,Driver Sofia Ong
1225,Driver Amir Wong
946,Driver Lina Hussein
412,Driver Leela Chin
352,Driver Hannah Chong
854,Driver Zara Tan
768,Driver Ilya Ibrahim
660,Driver Nurul Iskandar
750,Driver Aiman Sharma
512,Driver Ling Goh
311,Driver Lucas Ibrahim
665,Driver Tanya Singh
1074,Driver Ali Krishnan
875,Driver Nur Hassan
1243,Driver Jonah Chan
1664,Driver Nadia Farid
1287,Driver Aiman Tan
1417,Driver Sofia Chong
812,Driver Daniel Abdullah
1682,Driver Mei Chan
310,Driver Wei Krishnan
546,Driver Olivia Krishnan
1406,Driver Olivia Lim
1951,Driver Amir Tan
1896,Driver Nadia Singh
1335,Driver Yusuf Singh
541,Driver Nurul Abdullah
776,Driver Haziq Ibrahim
1141,Driver Liam Lee
1815,Driver Nadia Teo
810,Driver Ali Kaur
1941,Driver Priya Hassan
778,Driver Chen Izzah
1186,Driver Farah Teo
951,Driver Hannah Hussein
1424,Driver Alya Yong
703,Driver Lucas Abdullah
1418,Driver Karim Nair
378,Driver Hakim Ibrahim
730,Driver Ahmad Hassan
1447,Driver Arjun Mah
865,Driver Amir Krishnan
1711,Driver Ahmad Razak
1926,Driver Emma Ong
331,Driver Hannah Sharma
666,Driver Adam Wong
1160,Driver Rina Mah
1036,Driver Ahmad Sharma
791,Driver Hao Lee
1900,Driver Mei Mah
725,Driver Kumar Iskandar
661,Driver Rina Halim
1778,Driver Maya Goh
438,Driver Hakim Farid
355,Driver Maya Chong
518,Driver Ethan Ng
763,Driver Nadia Ng
688,Driver Arjun Lim
1193,Driver Noah Abdullah
1337,Driver Rina Ibrahim
706,Driver Lucas Chin
1164,Driver Hao Das
416,Driver Noah Hassan
1799,Driver Rahul Yong
1563,Driver Lina Kaur
431,Driver Priya Halim
559,Driver Noah Ng
957,Driver Amir Teo
450,Driver Rina Chan
504,Driver Nur Ng
600,Driver Amir Sharma
1166,Driver Omar Lee
775,Driver Ling Ng
449,Driver Ling Farid
718,Driver Ava Wong
1357,Driver Olivia Halim
786,Driver Haziq Iskandar
648,Driver Ravi Wong
366,Driver Emma Ong
1772,Driver Sofia Kaur
313,Driver Nadia Iskandar
403,Driver Haziq Ong
916,Driver Noah Hussein
638,Driver Lina Farid
850,Driver Rahul Lim
451,Driver Ali Teo
1395,Driver Yusuf Hussein
1313,Driver Maya Tan
503,Driver Ava Hussein
722,Driver Hao Kaur
343,Driver Farah Iskandar
968,Driver Karim Teo
860,Driver Emma Hussein
694,Driver Noah Chan
616,Driver Ava Hassan
1284,Driver Lucas Wong
575,Driver Tanya Sharma
1261,Driver Mei Yong
1869,Driver Tanya Kaur
1277,Driver Maya Teo
1258,Driver Nur Kaur
624,Driver Hao Mah
1529,Driver Haziq Tan
396,Driver Hao Nair
1408,Driver Lucas Kaur
367,Driver Alya Chan
1511,Driver Farah Lim
477,Driver Siti Chan
752,Driver Nurul Chin
1738,Driver Nadia Hussein
318,Driver Karim Halim
808,Driver Ravi Ibrahim
1416,Driver Emma Razak
1106,Driver Jonah Teo
568,Driver Maya Hassan
1234,Driver Ravi Ng
876,Driver Ava Chong
1199,Driver Jia Ong
1561,Driver Zara Iskandar
1902,Driver Nurul Krishnan
1330,Driver Priya Lim
1375,Driver Hakim Singh
1476,Driver Alya Goh
420,Driver Leela Razak
900,Driver Karim Lee
566,Driver Omar Kumar
1304,Driver Hakim Ong
1691,Driver Siti Razak
1665,Driver Irfan Krishnan
1592,Driver Mei Lee
1597,Driver Nurul Farid
1554,Driver Irfan Hussein
1688,Driver Siti Singh
428,Driver Ilya Mah
1374,Driver Zara Iskandar
765,Driver Jia Chan
1748,Driver Mei Rahman
1992,Driver Nur Lee
639,Driver Yusuf Das
1999,Driver Emma Singh
447,Driver Alya Ibrahim
324,Driver Ali Teo
329,Driver Kumar Izzah
599,Driver Lina Sharma
952,Driver Adam Singh
1291,Driver Aiman Chin
327,Driver Aiman Chong
1853,Driver Arjun Lim
315,Driver Zara Goh
625,Driver Arjun Singh
1305,Driver Karim Abdullah
415,Driver Wei Kaur
1320,Driver Ahmad Yong
1192,Driver Nadia Wong
397,Driver Emma Kumar
1905,Driver Hakim Halim
1251,Driver Chen Chan
595,Driver Yusuf Hussein
444,Driver Isabella Krishnan
484,Driver Lina Chin
754,Driver Hao Ong
1471,Driver Wei Wong
1525,Driver Maya Izzah
1039,Driver Ravi Iskandar
838,Driver Ali Ng
1132,Driver Jonah Wong
1463,Driver Omar Yong
422,Driver Noah Izzah
1412,Driver Chen Abdullah
1176,Driver Amir Lee
1019,Driver Ethan Singh
1016,Driver Ravi Ibrahim
662,Driver Adam Nair
1336,Driver Daniel Hassan
1891,Driver Isabella Krishnan
1006,Driver Mei Krishnan
1274,Driver Omar Iskandar
1404,Driver Sofia Chin
1526,Driver Ling Kaur
1831,Driver Ali Abdullah
934,Driver Irfan Halim
930,Driver Jia Mah
1125,Driver Leela Halim
1468,Driver Ilya Krishnan
680,Driver Haziq Krishnan
389,Driver Noah Hassan
520,Driver Farid Krishnan
953,Driver Aisyah Iskandar
527,Driver Noah Ng
633,Driver Ravi Iskandar
307,Driver Ethan Ibrahim
1273,Driver Mei Tan
502,Driver Ahmad Halim
708,Driver Omar Kumar
1581,Driver Siti Das
682,Driver Farah Goh
979,Driver Emma Razak
745,Driver Lucas Chan
1715,Driver Nurul Farid
563,Driver Karim Kaur
1609,Driver Amir Tan
1653,Driver Noah Sharma
1504,Driver Ahmad Farid
321,Driver Farah Teo
330,Driver Lucas Mah
1728,Driver Aiman Tan
999,Driver Rahul Teo
325,Driver Rahul Lim
1605,Driver Haziq Ong
767,Driver Haziq Chin
667,Driver Jia Hussein
407,Driver Hannah Chong
924,Driver Isabella Ibrahim
1397,Driver Isabella Singh
1616,Driver Farid Lim
1269,Driver Irfan Lee
551,Driver Irfan Nair
1583,Driver Irfan Ong
1974,Driver Rahul Teo
693,Driver Nadia Hassan
384,Driver Noah Sharma
1332,Driver Alya Kumar
1566,Driver Ahmad Wong
1601,Driver Isabella Krishnan
1892,Driver Daniel Razak
1145,Driver Omar Hussein
1355,Driver Nadia Hussein
886,Driver Ava Chan
468,Driver Siti Rahman
1434,Driver Emma Kumar
1469,Driver Olivia Ibrahim
1660,Driver Ahmad Rahman
482,Driver Rahul Nair
1957,Driver Lina Kaur
1200,Driver Haziq Chong
820,Driver Irfan Das
1923,Driver Ava Lim
475,Driver Nur Ong
1942,Driver Irfan Halim
505,Driver Hakim Ong
925,Driver Haziq Das
1252,Driver Isabella Singh
877,Driver Arjun Ng
543,Driver Olivia Razak
1997,Driver Jonah Mah
592,Driver Ali Chong
941,Driver Daniel Rahman
424,Driver Noah Nair
903,Driver Chen Abdullah
895,Driver Ali Krishnan
1651,Driver Irfan Chong
516,Driver Aisyah Razak
404,Driver Jia Goh
1845,Driver Ahmad Yong
1798,Driver Isabella Ibrahim
1756,Driver Lucas Lim
521,Driver Chen Kaur
1101,Driver Tanya Rahman
601,Driver Nur Teo
552,Driver Maya Chong
672,Driver Aisyah Sharma
712,Driver Ahmad Hassan
716,Driver Sofia Chan
1117,Driver Nadia Lim
555,Driver Aisyah Goh
807,Driver Omar Chan
734,Driver Adam Chong
1329,Driver Ali Tan
1391,Driver Ethan Lim
500,Driver Aisyah Chong
460,Driver Leela Teo
908,Driver Sofia Mah
1907,Driver Arjun Kaur
1810,Driver Sara Chan
1672,Driver Adam Wong
702,Driver Hakim Sharma
1423,Driver Rahul Sharma
1716,Driver Kumar Farid
637,Driver Arjun Ong
1338,Driver Ali Chan
302,Driver Nurul Farid
356,Driver Arjun Krishnan
651,Driver Olivia Kaur
1044,Driver Siti Sharma
493,Driver Ravi Rahman
1373,Driver Yusuf Ibrahim
1645,Driver Kumar Kumar
597,Driver Jonah Krishnan
1055,Driver Wei Abdullah
1632,Driver Chen Goh
1069,Driver Leela Chin
1054,Driver Ava Wong
1310,Driver Nur Sharma
560,Driver Zara Chin
1742,Driver Hao Abdullah
902,Driver Ava Teo
846,Driver Siti Yong
1495,Driver Ilya Nair
1502,Driver Nurul Razak
732,Driver Ahmad Ibrahim
1180,Driver Amir Chong
857,Driver Nur Das
531,Driver Yusuf Hussein
1598,Driver Priya Halim
1262,Driver Yusuf Izzah
1231,Driver Omar Abdullah
1750,Driver Aisyah Nair
1956,Driver Aiman Abdullah
954,Driver Irfan Izzah
1029,Driver Nurul Razak
817,Driver Sofia Iskandar
761,Driver Priya Wong
881,Driver Zara Hussein
538,Driver Daniel Sharma
1524,Driver Ravi Sharma
1364,Driver Mei Tan
522,Driver Nur Kaur
1746,Driver Aisyah Chong
1995,Driver Kumar Yong
1194,Driver Noah Kaur
554,Driver Ali Farid
641,Driver Chen Chan
963,Driver Aiman Tan
1864,Driver Ava Farid
1649,Driver Alya Kaur
1521,Driver Lina Lim
1111,Driver Hakim Lim
753,Driver Olivia Teo
309,Driver Alya Singh
1068,Driver Omar Razak
1425,Driver Ethan Farid
879,Driver Lucas Nair
1801,Driver Zara Iskandar
532,Driver Ethan Chin
1625,Driver Farah Yong
1806,Driver Nurul Hussein
1259,Driver Adam Chong
1384,Driver Chen Lim
828,Driver Hao Mah
675,Driver Mei Kaur
1846,Driver Ethan Krishnan
1551,Driver Emma Sharma
1786,Driver Farah Farid
1948,Driver Ling Teo
558,Driver Ling Tan
1675,Driver Haziq Ng
658,Driver Liam Farid
1119,Driver Farah Hussein
1052,Driver Tanya Singh
1644,Driver Kumar Hassan
1254,Driver Ahmad Mah
1216,Driver Nur Abdullah
1076,Driver Rina Ibrahim
1217,Driver Kumar Abdullah
1657,Driver Sofia Chan
1973,Driver Liam Lim
373,Driver Ravi Razak
1754,Driver Zara Farid
1980,Driver Olivia Chin
1530,Driver Ravi Farid
1136,Driver Tanya Lim
1233,Driver Leela Das
1828,Driver Aisyah Lee
845,Driver Amir Kaur
1152,Driver Ethan Lim
1512,Driver Rahul Razak
1893,Driver Ahmad Ibrahim
1361,Driver Nadia Farid
1096,Driver Liam Iskandar
1239,Driver Nur Lee
1212,Driver Aisyah Hussein
871,Driver Ali Tan
1568,Driver Farid Kaur
1034,Driver Ahmad Iskandar
1070,Driver Ling Tan
609,Driver Arjun Izzah
334,Driver Siti Razak
1249,Driver Noah Iskandar
1553,Driver Ravi Izzah
939,Driver Jia Yong
328,Driver Emma Wong
898,Driver Ava Yong
308,Driver Hannah Razak
1777,Driver Ahmad Izzah
497,Driver Ava Chin
1570,Driver Ali Ong
1165,Driver Alya Das
707,Driver Farid Ong
1870,Driver Noah Halim
1060,Driver Irfan Ibrahim
711,Driver Aisyah Lim
894,Driver Hao Kumar
1303,Driver Alya Kumar
1285,Driver Arjun Halim
842,Driver Yusuf Wong
1485,Driver Hao Das
632,Driver Maya Lee
1281,Driver Ilya Abdullah
1240,Driver Farid Kaur
1539,Driver Sofia Hassan
1466,Driver Siti Chong
301,Driver Priya Abdullah
1652,Driver Siti Abdullah
1390,Driver Alya Goh
1411,Driver Rina Das
1462,Driver Rahul Nair
1787,Driver Jia Kumar
498,Driver Farah Izzah
1894,Driver Ali Ibrahim
1376,Driver Ling Ng
671,Driver Noah Razak
1245,Driver Siti Teo
659,Driver Ethan Lim
1562,Driver Wei Yong
1873,Driver Sara Hassan
843,Driver Hannah Iskandar
1510,Driver Lina Iskandar
1784,Driver Tanya Sharma
976,Driver Sara Ibrahim
901,Driver Jonah Lee
1555,Driver Hao Yong
1023,Driver Nadia Lim
544,Driver Nurul Lee
844,Driver Ahmad Abdullah
904,Driver Siti Ibrahim
1889,Driver Sara Farid
1666,Driver Haziq Farid
1881,Driver Wei Abdullah
1010,Driver Jia Ong
911,Driver Kumar Chin
1968,Driver Lucas Chong
1964,Driver Daniel Razak
1961,Driver Daniel Lim
1288,Driver Ilya Hussein
377,Driver Siti Abdullah
1026,Driver Rina Razak
1298,Driver Amir Izzah
715,Driver Siti Ong
479,Driver Liam Iskandar
533,Driver Sofia Hussein
1848,Driver Chen Sharma
1608,Driver Ethan Nair
1169,Driver Ravi Goh
1841,Driver Nurul Singh
642,Driver Omar Farid
1396,Driver Hakim Izzah
1685,Driver Ling Singh
1190,Driver Nadia Krishnan
1761,Driver Jia Kumar
1051,Driver Lucas Chan
1534,Driver Emma Chong
1325,Driver Hakim Mah
1227,Driver Liam Nair
724,Driver Farah Razak
1499,Driver Karim Chong
1196,Driver Irfan Das
1116,Driver Isabella Lee
567,Driver Ahmad Iskandar
1847,Driver Amir Ong
1326,Driver Lucas Mah
1430,Driver Karim Chan
1886,Driver Aiman Tan
1491,Driver Mei Hassan
1515,Driver Priya Tan
339,Driver Ethan Chin
815,Driver Sofia Wong
1659,Driver Siti Teo
1159,Driver Ravi Izzah
751,Driver Ilya Halim
1157,Driver Karim Ong
827,Driver Yusuf Kumar
517,Driver Amir Chan
1795,Driver Farah Lim
1858,Driver Noah Ong
1890,Driver Aisyah Kaur
1851,Driver Farah Goh
547,Driver Aiman Mah
1182,Driver Liam Rahman
892,Driver Emma Ong
395,Driver Chen Hassan
956,Driver Hao Mah
411,Driver Noah Singh
1825,Driver Farid Hussein
1053,Driver Haziq Abdullah
1673,Driver Adam Chong
736,Driver Aisyah Chong
743,Driver Ravi Ong
1543,Driver Alya Halim
562,Driver Maya Iskandar
1400,Driver Mei Mah
374,Driver Farid Kaur
893,Driver Lucas Hussein
1279,Driver Liam Lim
1773,Driver Maya Hussein
690,Driver Chen Abdullah
1046,Driver Zara Ng
1982,Driver Ahmad Wong
1062,Driver Ethan Teo
1022,Driver Isabella Nair
1438,Driver Rina Sharma
922,Driver Priya Izzah
1488,Driver Ravi Wong
888,Driver Nurul Wong
1552,Driver Leela Krishnan
1219,Driver Tanya Chan
740,Driver Ethan Sharma
1091,Driver Nadia Ng
668,Driver Emma Ng
1567,Driver Kumar Yong
1238,Driver Alya Razak
1862,Driver Rahul Chin
1114,Driver Sara Ibrahim
961,Driver Rina Nair
1663,Driver Ravi Singh
1278,Driver Omar Hassan
1047,Driver Nurul Krishnan
1888,Driver Hakim Hussein
1509,Driver Leela Chan
1640,Driver Nur Wong
887,Driver Adam Wong
1184,Driver Chen Iskandar
1144,Driver Kumar Ong
1586,Driver Adam Hassan
1489,Driver Lina Hassan
1741,Driver Omar Rahman
1538,Driver Farah Goh
1850,Driver Priya Kumar
1275,Driver Siti Abdullah
593,Driver Ravi Singh
1800,Driver Noah Wong
1041,Driver Farid Rahman
1359,Driver Amir Rahman
1137,Driver Hannah Sharma
709,Driver Ilya Das
1449,Driver Lucas Sharma
966,Driver Olivia Mah
1008,Driver Amir Abdullah
1680,Driver Isabella Sharma
542,Driver Mei Halim
526,Driver Lina Chan
1916,Driver Ilya Chin
1613,Driver Ling Chong
1791,Driver Tanya Abdullah
1056,Driver Rahul Ong
534,Driver Hakim Farid
511,Driver Sara Singh
1779,Driver Hannah Tan
1454,Driver Nur Rahman
1474,Driver Priya Hussein
836,Driver Siti Ng
1960,Driver Nurul Ong
1811,Driver Emma Lim
1929,Driver Lina Kaur
1099,Driver Nurul Sharma
337,Driver Ali Hussein
1232,Driver Chen Kaur
1072,Driver Alya Hassan
1690,Driver Liam Izzah
1533,Driver Siti Teo
1377,Driver Priya Nair
1456,Driver Leela Yong
1323,Driver Karim Singh
1989,Driver Sofia Teo
589,Driver Hao Lim
1479,Driver Mei Izzah
1966,Driver Zara Lee
1719,Driver Arjun Chan
548,Driver Ravi Sharma
1153,Driver Ethan Tan
1322,Driver Priya Ng
1162,Driver Sofia Chin
1965,Driver Daniel Razak
1927,Driver Hao Razak
834,Driver Ling Mah
1256,Driver Nurul Ibrahim
1299,Driver Siti Krishnan
1370,Driver Emma Singh
1684,Driver Kumar Hassan
1866,Driver Alya Farid
326,Driver Ahmad Kaur
1181,Driver Hannah Goh
1677,Driver Sara Kumar
1662,Driver Rina Halim
1876,Driver Isabella Wong
1986,Driver Olivia Krishnan
774,Driver Priya Singh
1170,Driver Tanya Lim
489,Driver Rahul Tan
1013,Driver Zara Lee
1732,Driver Noah Abdullah
1195,Driver Adam Hussein
1090,Driver Daniel Chong
1207,Driver Farah Tan
1920,Driver Zara Wong
1505,Driver Sara Krishnan
1681,Driver Hakim Kumar
1342,Driver Alya Chong
1403,Driver Wei Singh
1204,Driver Ilya Goh
1709,Driver Nur Tan
1402,Driver Hakim Chan
1919,Driver Omar Kaur
1602,Driver Rina Lee
1442,Driver Irfan Tan
1237,Driver Karim Chong
1726,Driver Daniel Krishnan
1812,Driver Adam Wong
1392,Driver Ali Goh
399,Driver Arjun Das
1360,Driver Irfan Tan
1276,Driver Irfan Krishnan
1388,Driver Priya Tan
1836,Driver Wei Lee
1589,Driver Olivia Razak
1368,Driver Jia Tan
1576,Driver Rina Razak
1290,Driver Hao Nair
878,Driver Adam Ong
1421,Driver Noah Chong
1037,Driver Karim Kaur
1498,Driver Leela Sharma
1003,Driver Arjun Singh
1452,Driver Hakim Hussein
1717,Driver Priya Halim
1617,Driver Emma Rahman
1191,Driver Leela Tan
1407,Driver Lucas Lee
873,Driver Adam Mah
1807,Driver Jonah Chan
1213,Driver Alya Ong
802,Driver Sofia Krishnan
1821,Driver Isabella Iskandar
1095,Driver Maya Hussein
1670,Driver Hannah Chin
1346,Driver Rahul Krishnan
1955,Driver Maya Ong
1710,Driver Ava Izzah
1639,Driver Wei Das
897,Driver Rina Hussein
1780,Driver Nurul Izzah
381,Driver Farah Kumar
1211,Driver Sara Chong
870,Driver Leela Razak
1363,Driver Maya Chan
1158,Driver Ling Iskandar
1087,Driver Alya Kaur
1457,Driver Irfan Kumar
513,Driver Noah Krishnan
1952,Driver Daniel Hassan
982,Driver Liam Ng
1065,Driver Adam Izzah
1017,Driver Ilya Farid
1040,Driver Zara Kumar
1296,Driver Aisyah Rahman
1549,Driver Nur Hassan
1113,Driver Noah Hassan
1246,Driver Tanya Ibrahim
1450,Driver Nur Hassan
1399,Driver Ava Izzah
1387,Driver Chen Iskandar
1496,Driver Farah Rahman
1048,Driver Ilya Goh
1429,Driver Hannah Das
400,Driver Lina Yong
1038,Driver Ilya Chin
787,Driver Omar Chan
480,Driver Tanya Tan
1875,Driver Olivia Yong
989,Driver Irfan Yong
1426,Driver Rahul Krishnan
1545,Driver Tanya Kumar
1058,Driver Lina Goh
914,Driver Isabella Chan
1655,Driver Liam Das
1464,Driver Daniel Hassan
1783,Driver Isabella Halim
1123,Driver Hakim Lim
1759,Driver Isabella Ibrahim
1453,Driver Daniel Kaur
1380,Driver Haziq Iskandar
1142,Driver Nur Farid
1120,Driver Haziq Halim
1431,Driver Kumar Ng
573,Driver Noah Izzah
1578,Driver Siti Ong
1558,Driver Zara Tan
1695,Driver Nadia Izzah
1631,Driver Tanya Ong
1353,Driver Alya Halim
1202,Driver Yusuf Tan
369,Driver Rina Krishnan
1544,Driver Siti Goh
1976,Driver Sofia Teo
1683,Driver Hannah Tan
1472,Driver Nur Kaur
1623,Driver Alya Abdullah
1600,Driver Siti Das
1124,Driver Hakim Halim
432,Driver Aisyah Abdullah
705,Driver Jia Yong
1720,Driver Hakim Kaur
1148,Driver Jia Nair
1084,Driver Zara Iskandar
1620,Driver Aiman Goh
1991,Driver Rina Mah
1414,Driver Hao Ibrahim
1990,Driver Haziq Goh
1569,Driver Siti Halim
1422,Driver Sofia Das
1867,Driver Hannah Hussein
1031,Driver Lina Chong
760,Driver Sofia Kaur
1315,Driver Haziq Kumar
1440,Driver Zara Farid
727,Driver Daniel Lim
770,Driver Adam Hussein
1345,Driver Wei Rahman
1050,Driver Rina Yong
1460,Driver Olivia Ibrahim
1401,Driver Ilya Singh
1061,Driver Rahul Mah
1011,Driver Irfan Chin
1934,Driver Emma Nair
1033,Driver Karim Teo
340,Driver Farah Kaur
1102,Driver Rina Ong
1548,Driver Haziq Kumar
