type,quantity,batch
Bandage,116,B-25S680
Gauze,949,B-26C415
Catheter,382,B-26Q836
Face Shield,171,B-24T678
Syringe 5ml,297,B-25T539
Surgical Mask,931,B-26X740
Face Shield,430,B-25W460
Bandage,406,B-25D818
Bandage,128,B-24D147
Catheter,967,B-26E922
Saline Bag,251,B-25B362
Face Shield,454,B-24S475
Nitrile Gloves,937,B-26L727
Face Shield,592,B-25D825
Nitrile Gloves,759,B-25F347
Surgical Mask,536,B-24E972
Bandage,562,B-26M345
Catheter,282,B-25M580
Face Shield,33,B-26B270
Surgical Mask,283,B-24M154
Catheter,322,B-24L978
Bandage,553,B-26D732
Syringe 5ml,133,B-26X154
Face Shield,204,B-24B477
Saline Bag,92,B-26S713
Nitrile Gloves,160,B-26Y596
Bandage,89,B-24Y407
Nitrile Gloves,95,B-26Y146
Gauze,662,B-26Y682
Catheter,955,B-26N889
IV Set,831,B-24B806
Nitrile Gloves,919,B-25K684
Sanitizer,675,B-26M341
Bandage,593,B-24B246
IV Set,208,B-24N145
Sanitizer,815,B-25A408
Surgical Mask,183,B-26P254
Bandage,591,B-25B426
Sanitizer,715,B-24G571
Gauze,617,B-26L262
Sanitizer,786,B-24E603
IV Set,472,B-26M497
Gauze,778,B-26E167
Gauze,645,B-26R347
Catheter,523,B-25I251
Saline Bag,482,B-25O818
Syringe 5ml,712,B-26R262
Catheter,518,B-26E857
Surgical Mask,248,B-24U240
Catheter,157,B-26P131
IV Set,941,B-25A428
Face Shield,732,B-25H686
Face Shield,922,B-24O471
Surgical Mask,133,B-24T596
Gauze,881,B-24B123
Saline Bag,669,B-25Y917
Bandage,448,B-26V885
Face Shield,633,B-24F872
Nitrile Gloves,834,B-24V234
Gauze,659,B-25R677
Gauze,954,B-26H927
Face Shield,559,B-25A836
Nitrile Gloves,478,B-24T374
Syringe 5ml,576,B-24P436
Catheter,718,B-25T748
Catheter,625,B-24D270
Surgical Mask,897,B-25D824
Surgical Mask,861,B-25I681
Face Shield,292,B-26X249
Nitrile Gloves,331,B-25V405
Gauze,447,B-26R846
Catheter,262,B-25T963
Catheter,445,B-25O784
Catheter,232,B-25Q899
Bandage,536,B-26O563
Face Shield,117,B-24N791
IV Set,409,B-26C458
Gauze,566,B-24O622
Gauze,701,B-25O890
Bandage,965,B-25E947
Gauze,386,B-26R777
Face Shield,630,B-25I494
Catheter,30,B-24A720
Catheter,663,B-26A623
Face Shield,50,B-26T627
Surgical Mask,504,B-24F799
IV Set,492,B-24O876
Surgical Mask,870,B-24X482
Syringe 5ml,894,B-25J853
Saline Bag,177,B-26X871
Sanitizer,429,B-24V835
Bandage,976,B-26E279
Bandage,48,B-26R110
Gauze,284,B-26L905
Catheter,667,B-25D257
Sanitizer,774,B-25A271
Syringe 5ml,23,B-26A975
Sanitizer,684,B-24A767
Face Shield,679,B-24L243
Gauze,808,B-26Q564
Bandage,742,B-25H831
Catheter,599,B-26M150
Surgical Mask,596,B-26X968
Face Shield,483,B-26S228
Face Shield,551,B-24F321
Nitrile Gloves,563,B-24K797
Saline Bag,569,B-26N545
Bandage,147,B-25G850
Gauze,146,B-24E690
Gauze,706,B-25Y689
Face Shield,469,B-26E265
IV Set,238,B-25E308
Sanitizer,795,B-25X113
Nitrile Gloves,121,B-26F366
Syringe 5ml,418,B-25B558
Gauze,796,B-26L887
Saline Bag,219,B-25T309
Surgical Mask,924,B-26P189
Sanitizer,419,B-25Z373
Face Shield,477,B-26O985
Nitrile Gloves,63,B-26D689
Nitrile Gloves,925,B-25G282
Surgical Mask,52,B-25V893
Sanitizer,739,B-25S660
Saline Bag,622,B-24D504
IV Set,122,B-25G718
Face Shield,859,B-24P875
Sanitizer,190,B-26F298
Gauze,614,B-25N875
Syringe 5ml,449,B-25N578
Syringe 5ml,226,B-26Q204
Saline Bag,979,B-25U587
Nitrile Gloves,894,B-25M148
Face Shield,726,B-26Z465
Nitrile Gloves,604,B-25P641
Syringe 5ml,724,B-24C235
Sanitizer,570,B-25F761
Bandage,414,B-24S925
Nitrile Gloves,172,B-24S743
Nitrile Gloves,527,B-24Y553
Syringe 5ml,779,B-26S866
Syringe 5ml,961,B-25R630
Bandage,292,B-26M199
Syringe 5ml,540,B-25Y299
Face Shield,798,B-24I445
Catheter,76,B-26Z396
Gauze,816,B-26S965
IV Set,888,B-24H403
Surgical Mask,900,B-24B894
Gauze,935,B-24Z255
Face Shield,508,B-26U333
Bandage,72,B-25S678
Bandage,871,B-26R443
IV Set,969,B-26H460
Face Shield,881,B-24T281
Sanitizer,710,B-26M328
Bandage,328,B-24C834
Catheter,410,B-24W489
Saline Bag,530,B-25T516
Nitrile Gloves,268,B-25J586
Bandage,250,B-25R778
Sanitizer,67,B-26T683
Saline Bag,766,B-25X132
Catheter,902,B-26Z711
Face Shield,346,B-26T581
Bandage,29,B-26I418
Gauze,394,B-26R631
Gauze,959,B-26J507
Syringe 5ml,816,B-24K896
Surgical Mask,853,B-26Z746
Catheter,806,B-24S759
Syringe 5ml,482,B-24U785
Saline Bag,563,B-24H528
Gauze,590,B-25T454
Bandage,896,B-24O220
Saline Bag,122,B-26Z917
Nitrile Gloves,664,B-24A974
Sanitizer,309,B-24N255
Sanitizer,851,B-26Y221
Saline Bag,978,B-24M400
Nitrile Gloves,832,B-26T703
Surgical Mask,594,B-24P367
Nitrile Gloves,645,B-25M462
Syringe 5ml,818,B-24W332
Syringe 5ml,572,B-26F272
Gauze,497,B-26P432
Nitrile Gloves,180,B-25O270
Surgical Mask,407,B-25Q870
Surgical Mask,567,B-25X896
Gauze,508,B-26F223
Bandage,461,B-25K960
Catheter,750,B-25G556
Surgical Mask,455,B-25X176
IV Set,148,B-24W962
Catheter,847,B-26A694
Gauze,614,B-26P662
Nitrile Gloves,573,B-26C538
Face Shield,437,B-25R536
Saline Bag,376,B-26D716
Saline Bag,234,B-25R112
Syringe 5ml,877,B-25F850
Nitrile Gloves,844,B-24N431
Nitrile Gloves,902,B-24S120
Bandage,217,B-24K229
Syringe 5ml,229,B-25O388
Sanitizer,777,B-24H666
IV Set,151,B-24P291
Surgical Mask,726,B-25Y759
Syringe 5ml,418,B-24U185
Catheter,674,B-26X251
Sanitizer,271,B-24I476
IV Set,831,B-24E916
Catheter,89,B-26N877
IV Set,215,B-24I690
IV Set,138,B-26J687
Nitrile Gloves,42,B-26K410
Face Shield,811,B-24M330
Surgical Mask,205,B-24V128
Gauze,903,B-26V262
IV Set,759,B-25D525
Bandage,509,B-26H908
Catheter,735,B-24H648
Gauze,36,B-25M106
Catheter,672,B-25S151
Nitrile Gloves,378,B-25O214
Syringe 5ml,1000,B-24D590
Catheter,637,B-26Q935
Surgical Mask,451,B-25H755
Saline Bag,923,B-25O361
Saline Bag,177,B-26W362
Bandage,614,B-26E206
Sanitizer,679,B-24Y994
Saline Bag,121,B-24C961
Saline Bag,906,B-24T668
Gauze,28,B-25M500
Gauze,684,B-26C226
Nitrile Gloves,622,B-24I269
Bandage,421,B-24I514
Nitrile Gloves,516,B-26X992
Gauze,838,B-24J221
Syringe 5ml,666,B-26T154
Nitrile Gloves,589,B-24T236
Face Shield,579,B-25A804
Nitrile Gloves,444,B-25S976
Bandage,772,B-25T719
Saline Bag,854,B-26R575
Gauze,178,B-25R128
Bandage,295,B-25O950
Saline Bag,895,B-24P944
IV Set,296,B-24Q748
Surgical Mask,763,B-25L390
Face Shield,443,B-26A209
Sanitizer,175,B-25Y241
Gauze,862,B-26R113
Bandage,816,B-24E186
Bandage,538,B-24F357
Sanitizer,443,B-25V370
Saline Bag,723,B-24M387
Saline Bag,367,B-24F903
Saline Bag,923,B-26R578
Nitrile Gloves,215,B-25M856
Catheter,627,B-25H826
Face Shield,424,B-24K564
Catheter,928,B-26B361
Surgical Mask,761,B-26K273
Face Shield,251,B-24E724
Bandage,959,B-26H539
Surgical Mask,272,B-26Q557
Nitrile Gloves,985,B-26Z456
Face Shield,115,B-24J108
Face Shield,357,B-25F346
Sanitizer,540,B-24P578
Nitrile Gloves,795,B-24Y863
Gauze,161,B-25O333
Sanitizer,960,B-25X552
Surgical Mask,657,B-26B519
Nitrile Gloves,998,B-24E555
Sanitizer,525,B-25U283
Surgical Mask,930,B-25H660
Surgical Mask,728,B-26K759
Face Shield,975,B-25Q714
Bandage,654,B-26F897
Nitrile Gloves,91,B-24Z271
Syringe 5ml,437,B-25S969
Nitrile Gloves,146,B-26P885
Syringe 5ml,931,B-24A996
Catheter,319,B-24Q687
Face Shield,870,B-26R372
Nitrile Gloves,739,B-24O274
IV Set,71,B-24L160
Gauze,783,B-24H747
Bandage,306,B-24H715
Bandage,521,B-26O502
IV Set,114,B-24J270
Syringe 5ml,507,B-24P693
Surgical Mask,811,B-26T333
Syringe 5ml,457,B-26O778
Nitrile Gloves,493,B-24I265
Face Shield,930,B-24V520
Face Shield,197,B-24K745
Surgical Mask,272,B-24S210
Nitrile Gloves,22,B-25T643
Catheter,509,B-24M102
Nitrile Gloves,383,B-24T310
Syringe 5ml,728,B-26H486
Sanitizer,254,B-26D907
Sanitizer,727,B-25Q747
Gauze,439,B-24Q450
Nitrile Gloves,492,B-26M572
IV Set,310,B-25L153
Syringe 5ml,187,B-26G160
Bandage,16,B-26O224
Syringe 5ml,280,B-26F998
Nitrile Gloves,279,B-25F651
Gauze,720,B-26J113
Bandage,667,B-25N872
Saline Bag,422,B-24F360
Saline Bag,994,B-24R275
Sanitizer,827,B-24F426
Gauze,625,B-26M804
Surgical Mask,668,B-26L823
Syringe 5ml,962,B-24I190
Syringe 5ml,581,B-26R267
Nitrile Gloves,335,B-25K389
Face Shield,760,B-25U798
Face Shield,420,B-25I755
Face Shield,175,B-25V197
Catheter,703,B-24M291
Surgical Mask,455,B-26M232
Bandage,40,B-25C282
IV Set,463,B-26M302
Surgical Mask,576,B-25A335
Syringe 5ml,178,B-26Z983
IV Set,646,B-25X303
IV Set,280,B-26O464
Catheter,611,B-26T643
Surgical Mask,651,B-26J897
Sanitizer,739,B-26E496
Nitrile Gloves,119,B-24Q745
Catheter,494,B-25L134
Nitrile Gloves,435,B-26E903
Nitrile Gloves,732,B-25U603
Catheter,971,B-25S779
Catheter,835,B-24A841
Gauze,140,B-26K256
Saline Bag,821,B-26Z185
Surgical Mask,910,B-25L995
Saline Bag,668,B-25F405
Syringe 5ml,326,B-26Z450
Gauze,604,B-26S742
Nitrile Gloves,539,B-26V580
Gauze,181,B-25M340
Nitrile Gloves,806,B-24E387
Saline Bag,832,B-25B235
Saline Bag,325,B-26W527
Catheter,400,B-25O502
Face Shield,384,B-25Q305
Face Shield,659,B-26O461
Face Shield,790,B-26N684
Gauze,220,B-25P682
Syringe 5ml,248,B-24W838
Face Shield,682,B-24D730
Gauze,625,B-25W207
Face Shield,168,B-26M592
Nitrile Gloves,600,B-26R594
Surgical Mask,113,B-25E273
Surgical Mask,662,B-26V345
Catheter,204,B-25X733
Bandage,917,B-26H478
IV Set,478,B-26D991
IV Set,811,B-26Y405
Face Shield,258,B-26X713
Surgical Mask,431,B-25T222
Bandage,936,B-24Q887
Face Shield,287,B-26V796
Face Shield,236,B-24L447
Surgical Mask,515,B-26M305
Catheter,946,B-25X568
Face Shield,308,B-26B664
Gauze,463,B-25X759
Catheter,480,B-24L319
Saline Bag,859,B-26Y715
Nitrile Gloves,806,B-24W841
Sanitizer,72,B-24T983
Face Shield,475,B-25M452
Nitrile Gloves,366,B-26M211
Saline Bag,980,B-26H708
IV Set,459,B-26U382
Face Shield,246,B-25J688
Bandage,403,B-25V200
Surgical Mask,96,B-26D981
Syringe 5ml,393,B-25D207
Saline Bag,978,B-25V905
Syringe 5ml,372,B-26H803
Sanitizer,923,B-25Q275
Face Shield,381,B-25J494
Bandage,117,B-26C682
Catheter,469,B-24G352
Saline Bag,932,B-26R693
Syringe 5ml,236,B-24S325
Sanitizer,286,B-24X157
Face Shield,400,B-25Z757
Surgical Mask,282,B-25J827
Nitrile Gloves,71,B-26R673
Face Shield,860,B-25L424
Surgical Mask,91,B-24E274
Bandage,921,B-25M620
Catheter,271,B-24X248
Syringe 5ml,936,B-26B564
Saline Bag,203,B-26Y956
Face Shield,358,B-25V741
Surgical Mask,574,B-25D637
Sanitizer,237,B-24H402
Catheter,282,B-26J220
Nitrile Gloves,691,B-24H192
Gauze,923,B-24J462
Surgical Mask,211,B-24V293
Catheter,802,B-24G575
Face Shield,313,B-24C123
Syringe 5ml,545,B-25B595
Surgical Mask,824,B-26F679
Catheter,444,B-24J287
Bandage,173,B-25Y942
Bandage,862,B-26H381
Syringe 5ml,268,B-26V986
Sanitizer,156,B-26D314
Face Shield,172,B-26N174
Saline Bag,418,B-25I688
Syringe 5ml,703,B-25C675
IV Set,546,B-25L738
Saline Bag,745,B-25J542
Bandage,792,B-25N390
Face Shield,977,B-25O699
Catheter,792,B-26K865
Nitrile Gloves,135,B-25A790
IV Set,145,B-25W776
Saline Bag,257,B-25L967
Syringe 5ml,951,B-25A635
Catheter,345,B-25V955
Saline Bag,381,B-26B492
Face Shield,826,B-25U694
Gauze,955,B-26O997
Nitrile Gloves,508,B-25H531
Catheter,452,B-26M712
Syringe 5ml,711,B-25G822
Sanitizer,227,B-25K797
Face Shield,494,B-24H507
Bandage,892,B-26R780
Gauze,951,B-25K448
IV Set,778,B-26A325
Sanitizer,794,B-24B239
Surgical Mask,640,B-24Y524
Catheter,416,B-26M190
Bandage,568,B-26C204
Saline Bag,635,B-25K708
Face Shield,959,B-24L616
Face Shield,611,B-26W667
Nitrile Gloves,577,B-26D816
Sanitizer,123,B-26H890
Gauze,884,B-24A635
Bandage,12,B-24T826
Gauze,676,B-25R795
Face Shield,208,B-25B517
Nitrile Gloves,348,B-26G453
Saline Bag,136,B-24C305
Syringe 5ml,900,B-25E286
Syringe 5ml,930,B-24X352
Bandage,517,B-24P769
Sanitizer,121,B-24W638
Gauze,60,B-24C483
Bandage,402,B-25I361
Bandage,711,B-25N912
Face Shield,903,B-25O525
Catheter,200,B-24U379
Gauze,628,B-25K236
Nitrile Gloves,82,B-25M506
Face Shield,955,B-25Q422
Gauze,389,B-24I284
Face Shield,863,B-26V410
Nitrile Gloves,730,B-26Z773
Sanitizer,45,B-26U687
Nitrile Gloves,924,B-24O991
IV Set,877,B-26K397
Surgical Mask,890,B-26X535
Surgical Mask,630,B-26B760
Surgical Mask,406,B-26J505
IV Set,748,B-24Q305
IV Set,510,B-26H634
Bandage,355,B-25X375
Bandage,682,B-24G731
Saline Bag,589,B-26G100
Bandage,526,B-26G813
Gauze,495,B-26E467
Nitrile Gloves,970,B-26R511
IV Set,15,B-24H975
Surgical Mask,163,B-26H308
Surgical Mask,262,B-26E417
Gauze,850,B-25N110
Surgical Mask,733,B-24C602
Syringe 5ml,262,B-24V703
IV Set,164,B-25G417
Face Shield,749,B-25Z847
Face Shield,690,B-25J260
Saline Bag,765,B-25F976
Bandage,99,B-24N165
Bandage,169,B-24O273
Face Shield,775,B-26W960
Bandage,522,B-24Z176
Sanitizer,131,B-25L522
Surgical Mask,150,B-24P445
Nitrile Gloves,512,B-26I210
Catheter,927,B-26M573
Saline Bag,460,B-24N147
Face Shield,968,B-26O697
Nitrile Gloves,596,B-26O691
IV Set,791,B-24Z836
Sanitizer,258,B-25N817
Bandage,156,B-25T291
Face Shield,79,B-25H413
Catheter,308,B-25Y189
Sanitizer,996,B-24W486
Bandage,75,B-26C660
Gauze,936,B-24B276
Sanitizer,62,B-26U590
Saline Bag,336,B-24C818
Saline Bag,917,B-24D475
Nitrile Gloves,589,B-25G901
IV Set,346,B-25H318
Gauze,627,B-25A908
Bandage,404,B-26W223
Nitrile Gloves,716,B-24T896
Face Shield,283,B-24F763
Gauze,147,B-24F170
Bandage,615,B-24H209
Sanitizer,973,B-25Z163
Saline Bag,404,B-25Q500
IV Set,195,B-24P257
Surgical Mask,157,B-26W809
Syringe 5ml,770,B-24W737
IV Set,533,B-26B683
Catheter,250,B-26L625
Surgical Mask,412,B-26Y997
Sanitizer,302,B-24T416
Syringe 5ml,412,B-26U805
Nitrile Gloves,185,B-26Y276
IV Set,612,B-24Z748
IV Set,469,B-24X531
Saline Bag,631,B-24W800
Surgical Mask,943,B-24P764
Surgical Mask,844,B-26U907
Syringe 5ml,603,B-26K506
Nitrile Gloves,658,B-25H702
Syringe 5ml,613,B-24V112
IV Set,238,B-26O827
Saline Bag,417,B-25Q901
Saline Bag,452,B-24J675
Catheter,706,B-25U783
Surgical Mask,356,B-26Z764
Catheter,527,B-25C283
Syringe 5ml,803,B-25H852
Bandage,717,B-26W112
Gauze,405,B-24W684
Surgical Mask,900,B-25M826
Face Shield,335,B-26Y785
IV Set,635,B-26Z993
Syringe 5ml,741,B-26C785
IV Set,601,B-24J464
IV Set,71,B-25V491
Surgical Mask,355,B-26L242
Surgical Mask,458,B-26S748
Bandage,617,B-24W203
Saline Bag,808,B-26C178
Sanitizer,396,B-26V167
IV Set,79,B-24L325
IV Set,392,B-24Q538
Gauze,834,B-26Z821
Sanitizer,47,B-25M726
Nitrile Gloves,257,B-26F473
Surgical Mask,580,B-25R206
Saline Bag,472,B-25S790
Sanitizer,805,B-24V539
Saline Bag,182,B-26F200
Gauze,724,B-24U807
Sanitizer,604,B-25N870
IV Set,732,B-24N808
Sanitizer,905,B-25B162
Syringe 5ml,210,B-25C113
Bandage,605,B-26U510
Nitrile Gloves,812,B-26H608
Face Shield,308,B-25J886
Sanitizer,341,B-24W761
Sanitizer,352,B-25V996
Gauze,628,B-26L722
Bandage,925,B-24T623
Gauze,995,B-25E390
Gauze,613,B-24A675
Bandage,566,B-25Y406
Saline Bag,384,B-26L383
Surgical Mask,473,B-24G596
IV Set,911,B-25S764
Bandage,362,B-26F390
Nitrile Gloves,941,B-24D805
IV Set,216,B-25S809
Nitrile Gloves,160,B-24Y250
Sanitizer,186,B-24H442
Sanitizer,943,B-24G166
Syringe 5ml,253,B-25S130
Syringe 5ml,448,B-25Q738
Saline Bag,996,B-25O151
Surgical Mask,518,B-25B823
Gauze,464,B-26P390
Nitrile Gloves,941,B-24V114
Catheter,600,B-24Q923
Catheter,612,B-24S749
Syringe 5ml,154,B-26R472
Nitrile Gloves,575,B-26H903
Syringe 5ml,882,B-26J868
Syringe 5ml,180,B-26S271
Syringe 5ml,209,B-24U982
IV Set,239,B-24Z497
Catheter,698,B-24Q306
Sanitizer,82,B-24T320
Sanitizer,229,B-26T194
Nitrile Gloves,208,B-25C927
Nitrile Gloves,416,B-26G241
IV Set,609,B-24G922
Face Shield,567,B-24G571
Surgical Mask,396,B-26D368
Face Shield,34,B-25J122
Syringe 5ml,379,B-25K489
Face Shield,379,B-26V364
Nitrile Gloves,635,B-25B418
Gauze,604,B-25L986
Gauze,554,B-26S843
Surgical Mask,828,B-26W264
Gauze,507,B-26L140
Surgical Mask,287,B-24U564
Sanitizer,232,B-26Q686
Gauze,703,B-26L152
Face Shield,72,B-26Z808
IV Set,503,B-25D129
Sanitizer,187,B-26Q816
Syringe 5ml,147,B-25B822
Gauze,63,B-26S140
Syringe 5ml,477,B-24X193
Catheter,680,B-24V255
Syringe 5ml,799,B-25N404
Face Shield,859,B-25O408
IV Set,505,B-25F318
IV Set,298,B-25M746
Sanitizer,309,B-25S991
Bandage,479,B-24E433
Gauze,471,B-26T945
Nitrile Gloves,173,B-24R978
Gauze,755,B-26B393
Saline Bag,925,B-25Y787
Syringe 5ml,161,B-26B803
IV Set,862,B-26F599
Gauze,764,B-24J432
Sanitizer,432,B-26S516
Catheter,861,B-24X758
Face Shield,966,B-24H605
Bandage,29,B-26J773
Syringe 5ml,631,B-26J132
Surgical Mask,351,B-24S167
Syringe 5ml,356,B-25J967
Face Shield,436,B-26R503
Syringe 5ml,418,B-25O785
Face Shield,418,B-26Z655
Gauze,834,B-25S666
Face Shield,784,B-26Y747
Nitrile Gloves,16,B-26M782
Saline Bag,983,B-26X454
Saline Bag,944,B-25W323
Face Shield,569,B-24Q329
Saline Bag,399,B-26O452
Syringe 5ml,830,B-25V323
Face Shield,621,B-24T187
Syringe 5ml,759,B-24E651
Syringe 5ml,537,B-26G337
Surgical Mask,64,B-26C687
Gauze,17,B-24X937
Surgical Mask,201,B-26Z448
Catheter,20,B-25D657
IV Set,191,B-25H502
Saline Bag,570,B-25Y481
Syringe 5ml,957,B-26A653
Face Shield,990,B-24Z598
Nitrile Gloves,634,B-24H847
Gauze,202,B-24X341
Surgical Mask,222,B-25T421
Nitrile Gloves,81,B-25L447
Gauze,869,B-24L538
Surgical Mask,251,B-24R243
Sanitizer,945,B-24D728
Catheter,211,B-25B246
Syringe 5ml,948,B-25Q818
IV Set,614,B-26G308
Sanitizer,149,B-26L314
Face Shield,894,B-24C380
Sanitizer,784,B-26G571
Saline Bag,831,B-25X980
Syringe 5ml,813,B-25S802
Bandage,828,B-24G742
Catheter,520,B-25R115
Gauze,979,B-24P272
Syringe 5ml,842,B-24Y346
Bandage,564,B-25V323
Nitrile Gloves,723,B-24B556
Syringe 5ml,758,B-26M889
Surgical Mask,553,B-24H511
Face Shield,344,B-24H426
Syringe 5ml,598,B-25O761
Face Shield,515,B-26O731
Syringe 5ml,434,B-25S400
Surgical Mask,457,B-25A750
Sanitizer,116,B-26C889
IV Set,528,B-25D754
Nitrile Gloves,383,B-24Q205
Face Shield,991,B-25C632
Bandage,448,B-26D319
Syringe 5ml,610,B-25T428
Surgical Mask,53,B-25T390
Face Shield,697,B-24J731
Bandage,641,B-24K451
Surgical Mask,963,B-25X696
Nitrile Gloves,573,B-25Q348
Surgical Mask,613,B-26I345
Catheter,73,B-26T723
Nitrile Gloves,533,B-25O573
Syringe 5ml,518,B-24P999
Face Shield,230,B-26C555
Gauze,772,B-26Q992
Nitrile Gloves,643,B-24O894
Surgical Mask,460,B-24A140
Saline Bag,380,B-26C615
Nitrile Gloves,500,B-24Q335
IV Set,476,B-25Y252
Surgical Mask,246,B-26A463
Surgical Mask,975,B-24X981
IV Set,746,B-24P425
Surgical Mask,631,B-25U166
Gauze,800,B-24Q656
IV Set,373,B-25M373
IV Set,70,B-25M763
Face Shield,862,B-25R505
Syringe 5ml,703,B-25B171
Nitrile Gloves,107,B-25E963
Gauze,244,B-25T785
Catheter,757,B-26P923
Sanitizer,703,B-24H262
IV Set,142,B-24B233
Nitrile Gloves,510,B-24K692
Syringe 5ml,223,B-26Q265
Bandage,534,B-24N522
Nitrile Gloves,967,B-26D170
Nitrile Gloves,420,B-25A735
Face Shield,826,B-25C672
Nitrile Gloves,666,B-25T229
Nitrile Gloves,582,B-24N472
Syringe 5ml,903,B-25Q853
Surgical Mask,559,B-26N183
Saline Bag,659,B-24J893
Face Shield,380,B-24C599
Saline Bag,704,B-25Y525
Bandage,808,B-24G857
Gauze,1000,B-26R232
IV Set,717,B-25Y728
Nitrile Gloves,114,B-25R953
Face Shield,974,B-24C205
Face Shield,609,B-24Y663
Saline Bag,190,B-26S473
Bandage,83,B-25D262
Gauze,583,B-26I376
Syringe 5ml,913,B-26M400
Bandage,969,B-24J910
Nitrile Gloves,228,B-26H534
Syringe 5ml,680,B-26T563
Saline Bag,20,B-26V116
Nitrile Gloves,176,B-25H649
Gauze,349,B-26N872
Bandage,658,B-26G331
Gauze,690,B-25E916
Face Shield,934,B-24N410
Surgical Mask,207,B-24R866
IV Set,575,B-26Y800
Face Shield,792,B-26O377
IV Set,794,B-25G758
Syringe 5ml,726,B-24K683
Gauze,709,B-24U810
Syringe 5ml,320,B-25C104
Gauze,379,B-24N459
Catheter,582,B-25E687
Syringe 5ml,262,B-24D332
Sanitizer,290,B-25V362
Catheter,993,B-25F552
Surgical Mask,688,B-25S248
Sanitizer,260,B-25W222
Bandage,378,B-25D694
Gauze,52,B-25J995
Nitrile Gloves,376,B-26W892
Bandage,112,B-24M104
Saline Bag,389,B-25R638
Face Shield,47,B-24Q488
IV Set,528,B-24Y820
Syringe 5ml,966,B-26S624
Face Shield,174,B-25Y992
Gauze,432,B-26T689
Face Shield,522,B-24G585
Bandage,854,B-25K366
Surgical Mask,912,B-25Q779
Sanitizer,431,B-26U143
Catheter,175,B-25P715
Syringe 5ml,861,B-25S467
Syringe 5ml,705,B-25Q267
IV Set,392,B-26T878
Syringe 5ml,111,B-24B824
IV Set,725,B-24N729
Surgical Mask,456,B-26J275
Catheter,645,B-24B837
Bandage,300,B-24J333
Syringe 5ml,568,B-26Z911
Bandage,73,B-25O590
Nitrile Gloves,638,B-24R920
Surgical Mask,825,B-24L776
Syringe 5ml,806,B-25S836
Nitrile Gloves,150,B-25D888
IV Set,454,B-26M729
Surgical Mask,379,B-24G873
Saline Bag,667,B-26T927
Catheter,778,B-26J147
Syringe 5ml,555,B-24K279
Gauze,229,B-24J414
Catheter,306,B-26N741
Gauze,470,B-24Z652
Sanitizer,896,B-24C161
Gauze,641,B-24J749
IV Set,835,B-26U487
Nitrile Gloves,767,B-25P949
Bandage,761,B-24Q138
Syringe 5ml,932,B-24K275
Saline Bag,956,B-25M290
Face Shield,477,B-24B491
Sanitizer,132,B-24B258
Face Shield,336,B-25S113
Nitrile Gloves,77,B-25C235
Saline Bag,828,B-24G413
Catheter,352,B-26V403
Face Shield,81,B-26D264
Catheter,943,B-26F273
Surgical Mask,35,B-25D713
Nitrile Gloves,283,B-25W636
Gauze,191,B-25C430
Face Shield,646,B-26U898
Face Shield,724,B-26H535
Gauze,210,B-26I769
Saline Bag,367,B-24C669
IV Set,163,B-26H123
Syringe 5ml,837,B-26R430
Saline Bag,788,B-25Q351
Syringe 5ml,878,B-24U107
Bandage,343,B-24R910
Sanitizer,797,B-25K416
Sanitizer,579,B-25H569
Gauze,748,B-25I206
Sanitizer,648,B-26H952
Face Shield,685,B-25J942
IV Set,787,B-26I895
Bandage,113,B-25I354
IV Set,226,B-26B360
Sanitizer,107,B-25L611
Gauze,924,B-25J944
Bandage,936,B-26E602
Sanitizer,351,B-24N820
Surgical Mask,267,B-26D886
Gauze,36,B-24C654
Saline Bag,591,B-26S572
Catheter,292,B-25Y529
IV Set,953,B-24I408
IV Set,637,B-25I541
Syringe 5ml,159,B-26N430
Catheter,988,B-24Z988
Face Shield,191,B-24T641
Nitrile Gloves,968,B-24D356
Face Shield,816,B-26O673
Bandage,603,B-24Q291
IV Set,97,B-24O193
Surgical Mask,481,B-25J697
Surgical Mask,478,B-25L366
Syringe 5ml,149,B-26A597
Catheter,975,B-25E445
Gauze,348,B-24M937
Gauze,389,B-24I590
Surgical Mask,341,B-25Y632
Nitrile Gloves,213,B-26U466
Sanitizer,227,B-25J641
Sanitizer,42,B-26U717
Sanitizer,630,B-24X664
Catheter,732,B-25E814
Nitrile Gloves,503,B-26M681
Surgical Mask,319,B-26Z363
Nitrile Gloves,674,B-25R791
Syringe 5ml,759,B-24P600
Face Shield,693,B-26S495
Bandage,18,B-24E724
Sanitizer,179,B-26V136
Syringe 5ml,233,B-24N575
Nitrile Gloves,994,B-24D294
Syringe 5ml,502,B-26Z279
IV Set,456,B-24Y564
Nitrile Gloves,694,B-24P217
Surgical Mask,56,B-24W402
Face Shield,174,B-25Q725
IV Set,604,B-24C852
Saline Bag,21,B-24Z994
Face Shield,881,B-25M685
IV Set,697,B-24P363
IV Set,925,B-24Z270
Syringe 5ml,191,B-26N870
Bandage,374,B-24Q683
Surgical Mask,384,B-24P951
Sanitizer,453,B-24H598
Syringe 5ml,834,B-26C926
Catheter,22,B-26G584
Gauze,348,B-25J899
Sanitizer,555,B-26X898
Catheter,835,B-25S683
Surgical Mask,312,B-26F601
Syringe 5ml,941,B-24R259
Bandage,646,B-24W104
Saline Bag,553,B-25Q664
Sanitizer,690,B-24P142
Catheter,602,B-26J997
Saline Bag,623,B-26H900
Gauze,923,B-26Q304
Gauze,497,B-26J715
Surgical Mask,215,B-25T268
Face Shield,480,B-26A556
Nitrile Gloves,373,B-26B912
Nitrile Gloves,473,B-26C871
Gauze,958,B-24E339
Bandage,800,B-25M849
Saline Bag,103,B-26W556
Saline Bag,463,B-26R341
Face Shield,384,B-26F246
Gauze,320,B-26S998
IV Set,352,B-26E562
Sanitizer,302,B-25I599
Syringe 5ml,973,B-24V837
Face Shield,74,B-26V224
Gauze,648,B-24Z890
Surgical Mask,875,B-24N645
Sanitizer,669,B-24U487
Sanitizer,730,B-24B736
Catheter,196,B-24L161
Nitrile Gloves,441,B-26F998
Catheter,193,B-26L966
Face Shield,624,B-25B416
Surgical Mask,15,B-24U285
Saline Bag,813,B-24D129
IV Set,519,B-24G873
Sanitizer,789,B-25P260
Catheter,687,B-25G294
Sanitizer,549,B-25K120
Face Shield,220,B-25S264
Bandage,914,B-24E705
Syringe 5ml,106,B-25I138
Bandage,122,B-26B449
Nitrile Gloves,494,B-26U148
Bandage,309,B-25D427
Saline Bag,957,B-25V259
Nitrile Gloves,927,B-24D691
Sanitizer,621,B-24O348
IV Set,665,B-24K984
Face Shield,820,B-24L803
Saline Bag,50,B-24I958
Nitrile Gloves,886,B-25V580
Nitrile Gloves,731,B-26Q891
Gauze,704,B-25H575
Sanitizer,315,B-26W708
Saline Bag,82,B-24Y374
Gauze,771,B-26S183
Sanitizer,718,B-26B419
Syringe 5ml,336,B-26F382
Surgical Mask,309,B-26E789
Surgical Mask,728,B-25M739
Syringe 5ml,354,B-24K379
Face Shield,69,B-25G756
Sanitizer,425,B-25O648
Nitrile Gloves,130,B-25A216
Saline Bag,633,B-24B242
Catheter,437,B-25M465
Catheter,574,B-24O420
Surgical Mask,729,B-26F308
Nitrile Gloves,988,B-26A427
Face Shield,122,B-25G335
Surgical Mask,358,B-25M635
Syringe 5ml,457,B-24E251
Nitrile Gloves,440,B-24P447
Nitrile Gloves,232,B-26W775
Nitrile Gloves,465,B-24X448
Catheter,473,B-24R572
Surgical Mask,494,B-25T461
Sanitizer,112,B-25B952
Gauze,831,B-26G483
IV Set,558,B-25X680
Face Shield,312,B-24Y187
Face Shield,612,B-26T897
Nitrile Gloves,808,B-24D657
Surgical Mask,321,B-24L234
IV Set,35,B-25X121
Sanitizer,820,B-26T561
Bandage,381,B-26D136
Sanitizer,926,B-24U476
Gauze,318,B-25B573
Surgical Mask,355,B-26P106
Face Shield,62,B-24A883
Catheter,240,B-24U771
Gauze,661,B-25E483
Gauze,241,B-25K367
Gauze,148,B-26M450
Syringe 5ml,332,B-26L172
Nitrile Gloves,458,B-24W986
Catheter,836,B-25D934
Gauze,546,B-25W420
Saline Bag,770,B-25N944
Surgical Mask,926,B-26E508
Syringe 5ml,675,B-26Z448
Face Shield,383,B-24C472
Syringe 5ml,660,B-25K143
Surgical Mask,770,B-24Z228
IV Set,351,B-24V211
IV Set,423,B-26S863
Face Shield,228,B-24W209
Catheter,47,B-24G226
Syringe 5ml,589,B-26K261
Nitrile Gloves,543,B-25J533
Gauze,950,B-25A512
Nitrile Gloves,363,B-24U521
Face Shield,915,B-26P636
Syringe 5ml,401,B-24N991
Saline Bag,864,B-26B603
Saline Bag,316,B-26P885
Gauze,554,B-26B422
Saline Bag,299,B-24V540
Surgical Mask,656,B-24N660
IV Set,828,B-25W582
Nitrile Gloves,368,B-25R770
Nitrile Gloves,585,B-25R865
Face Shield,379,B-26F542
Bandage,617,B-25S566
Nitrile Gloves,195,B-26J495
Catheter,333,B-25B895
Gauze,20,B-26F380
Catheter,478,B-24C384
Face Shield,163,B-26H728
Surgical Mask,562,B-24I806
Catheter,988,B-25M846
Syringe 5ml,501,B-25D286
Nitrile Gloves,381,B-25M827
IV Set,279,B-26Q351
Bandage,968,B-24O379
Surgical Mask,255,B-26P964
Surgical Mask,284,B-24M375
Sanitizer,772,B-24N990
Nitrile Gloves,654,B-25W566
Bandage,528,B-25G382
IV Set,168,B-24B640
Sanitizer,940,B-26N805
Saline Bag,844,B-24I164
Saline Bag,593,B-26J960
Face Shield,468,B-26P152
Gauze,107,B-24U418
Saline Bag,123,B-25Y395
Syringe 5ml,331,B-25C230
Saline Bag,560,B-25V272
Sanitizer,492,B-25B654
IV Set,633,B-24G310
Nitrile Gloves,824,B-26B931
Sanitizer,313,B-25E968
Nitrile Gloves,756,B-26C261
Catheter,57,B-25S644
Syringe 5ml,290,B-26C895
Bandage,713,B-25Q867
Nitrile Gloves,629,B-24R816
Bandage,483,B-25J620
Gauze,712,B-26K414
Surgical Mask,350,B-26I517
Surgical Mask,114,B-25E971
Surgical Mask,64,B-25X529
Sanitizer,119,B-26A212
Syringe 5ml,729,B-25W212
Face Shield,651,B-26V440
Saline Bag,788,B-26V446
IV Set,480,B-26Y963
Saline Bag,13,B-26I296
Bandage,228,B-25O459
Catheter,500,B-24Y582
Bandage,884,B-24B356
Bandage,139,B-26H694
Bandage,698,B-24G831
Face Shield,914,B-24M592
Syringe 5ml,530,B-26P301
Catheter,852,B-24V172
Face Shield,684,B-24O857
Sanitizer,128,B-26O171
IV Set,547,B-25M868
Face Shield,805,B-25H161
Gauze,255,B-24X481
Sanitizer,936,B-25B940
Surgical Mask,146,B-24T931
Face Shield,182,B-25N854
Face Shield,990,B-25J499
Saline Bag,32,B-24H871
Syringe 5ml,870,B-25W147
Face Shield,573,B-24Z661
Syringe 5ml,263,B-24D571
Bandage,493,B-25P567
IV Set,786,B-25F144
Surgical Mask,301,B-24S848
Syringe 5ml,896,B-24H276
Sanitizer,591,B-24Q916
Saline Bag,279,B-25I770
Saline Bag,767,B-24T502
Syringe 5ml,126,B-24I533
Catheter,576,B-25I975
Gauze,107,B-25K291
Catheter,674,B-25Y175
Catheter,758,B-25T491
Gauze,581,B-25E548
Bandage,372,B-26G304
Syringe 5ml,590,B-25N850
Sanitizer,240,B-24C353
Face Shield,979,B-25B617
Bandage,251,B-24Z292
Syringe 5ml,602,B-24W545
Syringe 5ml,710,B-25J116
Gauze,452,B-25P815
IV Set,439,B-24H446
Catheter,135,B-25W870
Syringe 5ml,251,B-24T583
IV Set,192,B-24T656
Surgical Mask,342,B-24T490
Gauze,399,B-25O477
Surgical Mask,514,B-25Q945
IV Set,843,B-24T241
Bandage,978,B-26Y680
Syringe 5ml,886,B-24N116
Bandage,683,B-24F790
Catheter,153,B-24P423
Bandage,856,B-24D346
Sanitizer,958,B-25D172
Nitrile Gloves,636,B-24W800
Syringe 5ml,795,B-26B182
Syringe 5ml,95,B-25U648
Bandage,970,B-25N277
Bandage,188,B-25W328
Sanitizer,517,B-25Y950
Bandage,644,B-25C924
Syringe 5ml,506,B-25B139
Face Shield,153,B-26N238
Bandage,348,B-25J628
Surgical Mask,198,B-24U882
Syringe 5ml,89,B-26Z168
Gauze,211,B-24X394
Bandage,731,B-26C454
Gauze,646,B-26J547
Bandage,504,B-25Q446
Sanitizer,684,B-26D180
Face Shield,203,B-24Q149
Bandage,690,B-26Q224
Face Shield,224,B-26W278
Catheter,205,B-24J891
Surgical Mask,415,B-24B620
Bandage,686,B-26C259
Nitrile Gloves,592,B-26B215
Bandage,263,B-26C184
Nitrile Gloves,494,B-24M278
Catheter,281,B-24C423
Surgical Mask,737,B-25I515
Surgical Mask,848,B-24N563
Surgical Mask,978,B-25V604
Face Shield,16,B-26E266
Gauze,706,B-24D810
Gauze,128,B-24S275
Face Shield,514,B-26Q651
IV Set,253,B-24R821
Bandage,587,B-24Y544
Sanitizer,353,B-24P610
Gauze,794,B-24X701
Face Shield,762,B-25A975
Gauze,335,B-26I144
IV Set,463,B-25Z822
Saline Bag,618,B-24O608
IV Set,440,B-24G869
Face Shield,976,B-24I580
Surgical Mask,685,B-25J986
IV Set,961,B-25I347
Nitrile Gloves,836,B-25S283
Nitrile Gloves,535,B-24L963
